,batsman,playing_team,total_runs,total_balls_faced,strike_rate,dismissals
1,A Ashish Reddy,Deccan Chargers,35,30,1.0,4
2,A Ashish Reddy,Sunrisers Hyderabad,245,166,1.0,11
3,A Badoni,Lucknow Super Giants,851,668,1.0,32
4,A Chandila,Rajasthan Royals,4,7,0.0,0
5,A Chopra,Kolkata Knight Riders,53,75,0.0,5
6,A Choudhary,Royal Challengers Bangalore,25,20,1.0,1
7,A Dananjaya,Mumbai Indians,4,5,0.0,0
8,A Flintoff,Chennai Super Kings,62,57,1.0,2
9,A Kamboj,Chennai Super Kings,5,8,0.0,1
10,A Kamboj,Mumbai Indians,2,2,1.0,0
11,A Kumble,Royal Challengers Bangalore,35,49,0.0,2
12,A Manohar,Gujarat Titans,231,181,1.0,14
13,A Manohar,Sunrisers Hyderabad,49,50,0.0,4
14,A Mhatre,Chennai Super Kings,62,36,1.0,2
15,A Mishra,Deccan Chargers,84,73,1.0,7
16,A Mishra,Delhi Capitals,21,26,0.0,2
17,A Mishra,Delhi Daredevils,164,201,0.0,14
18,A Mishra,Lucknow Super Giants,19,30,0.0,1
19,A Mishra,Sunrisers Hyderabad,93,110,0.0,4
20,A Mithun,Royal Challengers Bangalore,34,26,1.0,5
21,A Mukund,Chennai Super Kings,0,1,0.0,1
22,A Mukund,Royal Challengers Bangalore,19,22,0.0,1
23,A Nehra,Chennai Super Kings,1,7,0.0,1
24,A Nehra,Delhi Daredevils,25,29,0.0,5
25,A Nehra,Mumbai Indians,3,13,0.0,0
26,A Nehra,Pune Warriors,11,13,0.0,0
27,A Nehra,Sunrisers Hyderabad,1,1,1.0,0
28,A Nortje,Delhi Capitals,49,51,0.0,5
29,A Raghuvanshi,Kolkata Knight Riders,360,242,1.0,12
30,A Singh,Rajasthan Royals,2,10,0.0,4
31,A Symonds,Deccan Chargers,839,638,1.0,21
32,A Symonds,Mumbai Indians,135,143,0.0,3
33,A Tomar,Kolkata Knight Riders,4,8,0.0,1
34,A Uniyal,Rajasthan Royals,4,7,0.0,1
35,A Zampa,Rajasthan Royals,10,17,0.0,3
36,A Zampa,Rising Pune Supergiant,5,7,0.0,1
37,A Zampa,Rising Pune Supergiants,0,1,0.0,1
38,AA Bilakhia,Deccan Chargers,69,88,0.0,5
39,AA Chavan,Rajasthan Royals,12,11,1.0,1
40,AA Jhunjhunwala,Deccan Chargers,24,27,0.0,2
41,AA Jhunjhunwala,Pune Warriors,10,19,0.0,2
42,AA Jhunjhunwala,Rajasthan Royals,183,172,1.0,8
43,AA Kulkarni,Lucknow Super Giants,9,8,1.0,2
44,AA Noffke,Royal Challengers Bangalore,9,12,0.0,1
45,AB Agarkar,Delhi Daredevils,19,23,0.0,1
46,AB Agarkar,Kolkata Knight Riders,160,137,1.0,7
47,AB Barath,Kings XI Punjab,42,43,0.0,2
48,AB de Villiers,Delhi Daredevils,671,582,1.0,18
49,AB de Villiers,Royal Challengers Bangalore,4510,2905,1.0,104
50,AB Dinda,Delhi Daredevils,0,5,0.0,1
51,AB Dinda,Kolkata Knight Riders,4,8,0.0,4
52,AB Dinda,Pune Warriors,11,16,0.0,2
53,AB Dinda,Rising Pune Supergiant,7,8,0.0,1
54,AB Dinda,Royal Challengers Bangalore,4,13,0.0,1
55,AB McDonald,Delhi Daredevils,76,65,1.0,2
56,AB McDonald,Royal Challengers Bangalore,47,38,1.0,3
57,Abdul Basith,Rajasthan Royals,1,1,1.0,0
58,Abdul Samad,Lucknow Super Giants,113,60,1.0,5
59,Abdul Samad,Sunrisers Hyderabad,579,408,1.0,30
60,Abdur Razzak,Royal Challengers Bangalore,0,2,0.0,0
61,Abhishek Sharma,Delhi Daredevils,63,35,1.0,1
62,Abhishek Sharma,Sunrisers Hyderabad,1554,1030,1.0,61
63,Abishek Porel,Delhi Capitals,585,401,1.0,21
64,AC Blizzard,Mumbai Indians,120,91,1.0,7
65,AC Gilchrist,Deccan Chargers,1220,865,1.0,45
66,AC Gilchrist,Kings XI Punjab,849,690,1.0,30
67,AC Thomas,Pune Warriors,20,19,1.0,2
68,AC Voges,Rajasthan Royals,181,143,1.0,4
69,AD Hales,Sunrisers Hyderabad,148,119,1.0,6
70,AD Mascarenhas,Kings XI Punjab,19,21,0.0,3
71,AD Mascarenhas,Rajasthan Royals,60,58,1.0,6
72,AD Mathews,Delhi Daredevils,176,137,1.0,8
73,AD Mathews,Kolkata Knight Riders,249,211,1.0,7
74,AD Mathews,Pune Warriors,299,251,1.0,13
75,AD Nath,Gujarat Lions,20,28,0.0,4
76,AD Nath,Kings XI Punjab,9,13,0.0,1
77,AD Nath,Royal Challengers Bangalore,61,58,1.0,5
78,AD Russell,Delhi Daredevils,58,42,1.0,4
79,AD Russell,Kolkata Knight Riders,2485,1522,1.0,84
80,AF Milne,Mumbai Indians,16,19,0.0,2
81,AF Milne,Royal Challengers Bangalore,7,12,0.0,2
82,AG Murtaza,Mumbai Indians,2,5,0.0,0
83,AG Murtaza,Pune Warriors,8,9,0.0,1
84,AG Paunikar,Rajasthan Royals,49,61,0.0,5
85,AJ Finch,Delhi Daredevils,102,103,0.0,8
86,AJ Finch,Gujarat Lions,693,501,1.0,20
87,AJ Finch,Kings XI Punjab,134,102,1.0,8
88,AJ Finch,Kolkata Knight Riders,86,70,1.0,5
89,AJ Finch,Mumbai Indians,23,33,0.0,3
90,AJ Finch,Pune Warriors,456,344,1.0,14
91,AJ Finch,Rajasthan Royals,21,21,1.0,1
92,AJ Finch,Royal Challengers Bangalore,268,254,1.0,12
93,AJ Finch,Sunrisers Hyderabad,309,268,1.0,11
94,AJ Hosein,Sunrisers Hyderabad,16,11,1.0,0
95,AJ Turner,Lucknow Super Giants,21,20,1.0,2
96,AJ Turner,Rajasthan Royals,3,11,0.0,3
97,AJ Tye,Gujarat Lions,53,30,1.0,1
98,AJ Tye,Kings XI Punjab,32,42,0.0,6
99,AJ Tye,Rajasthan Royals,6,7,0.0,1
100,AK Markram,Lucknow Super Giants,326,221,1.0,9
101,AK Markram,Punjab Kings,146,123,1.0,5
102,AK Markram,Sunrisers Hyderabad,849,664,1.0,28
103,Akash Deep,Lucknow Super Giants,0,1,0.0,1
104,Akash Deep,Royal Challengers Bangalore,17,10,1.0,2
105,Akash Deep,Royal Challengers Bengaluru,2,2,1.0,0
106,Akash Madhwal,Mumbai Indians,4,5,0.0,0
107,AL Menaria,Rajasthan Royals,401,367,1.0,21
108,AM Nayar,Kings XI Punjab,106,116,0.0,8
109,AM Nayar,Mumbai Indians,457,348,1.0,19
110,AM Nayar,Pune Warriors,66,74,0.0,6
111,AM Nayar,Rajasthan Royals,43,50,0.0,3
112,AM Rahane,Chennai Super Kings,568,393,1.0,22
113,AM Rahane,Delhi Capitals,121,122,0.0,9
114,AM Rahane,Kolkata Knight Riders,404,324,1.0,14
115,AM Rahane,Mumbai Indians,148,147,1.0,8
116,AM Rahane,Rajasthan Royals,2810,2350,1.0,78
117,AM Rahane,Rising Pune Supergiant,382,328,1.0,15
118,AM Rahane,Rising Pune Supergiants,480,387,1.0,10
119,Aman Hakim Khan,Delhi Capitals,110,106,1.0,8
120,Aman Hakim Khan,Kolkata Knight Riders,5,3,1.0,1
121,AN Ahmed,Mumbai Indians,22,21,1.0,0
122,AN Ahmed,Royal Challengers Bangalore,14,6,2.0,1
123,AN Ghosh,Kolkata Knight Riders,7,8,0.0,2
124,Aniket Verma,Sunrisers Hyderabad,190,124,1.0,7
125,Anirudh Singh,Deccan Chargers,63,69,0.0,4
126,Ankit Sharma,Deccan Chargers,18,13,1.0,3
127,Ankit Sharma,Rajasthan Royals,41,37,1.0,3
128,Ankit Sharma,Rising Pune Supergiant,25,16,1.0,1
129,Ankit Sharma,Rising Pune Supergiants,3,3,1.0,0
130,Ankit Soni,Gujarat Lions,7,9,0.0,2
131,Anmolpreet Singh,Mumbai Indians,29,27,1.0,3
132,Anmolpreet Singh,Sunrisers Hyderabad,110,90,1.0,6
133,Anuj Rawat,Rajasthan Royals,0,1,0.0,1
134,Anuj Rawat,Royal Challengers Bangalore,220,195,1.0,10
135,Anuj Rawat,Royal Challengers Bengaluru,98,80,1.0,3
136,Anureet Singh,Kings XI Punjab,33,43,0.0,4
137,Anureet Singh,Rajasthan Royals,3,4,0.0,0
138,AP Dole,Rajasthan Royals,34,23,1.0,2
139,AP Majumdar,Pune Warriors,87,77,1.0,4
140,AP Tare,Delhi Daredevils,18,25,0.0,3
141,AP Tare,Mumbai Indians,313,245,1.0,19
142,AP Tare,Sunrisers Hyderabad,8,15,0.0,2
143,AR Bawne,Delhi Daredevils,12,12,1.0,0
144,AR Patel,Delhi Capitals,1141,863,1.0,46
145,AR Patel,Kings XI Punjab,686,565,1.0,34
146,Arjun Tendulkar,Mumbai Indians,13,9,1.0,1
147,Arshad Khan,Gujarat Titans,1,1,1.0,0
148,Arshad Khan,Lucknow Super Giants,78,52,1.0,1
149,Arshad Khan,Mumbai Indians,18,15,1.0,2
150,Arshad Khan (2),Lucknow Super Giants,5,4,1.0,1
151,Arshdeep Singh,Kings XI Punjab,0,3,0.0,1
152,Arshdeep Singh,Punjab Kings,31,45,0.0,5
153,AS Joseph,Gujarat Titans,12,19,0.0,1
154,AS Joseph,Mumbai Indians,15,13,1.0,0
155,AS Rajpoot,Chennai Super Kings,2,6,0.0,0
156,AS Rajpoot,Kings XI Punjab,11,18,0.0,2
157,AS Rajpoot,Kolkata Knight Riders,4,7,0.0,1
158,AS Rajpoot,Rajasthan Royals,9,10,0.0,1
159,AS Raut,Rajasthan Royals,194,172,1.0,9
160,AS Roy,Kolkata Knight Riders,26,24,1.0,3
161,AS Yadav,Deccan Chargers,49,40,1.0,5
162,Ashutosh Sharma,Delhi Capitals,136,85,1.0,3
163,Ashutosh Sharma,Punjab Kings,189,118,1.0,7
164,AT Carey,Delhi Capitals,32,29,1.0,2
165,AT Rayudu,Chennai Super Kings,1932,1526,1.0,63
166,AT Rayudu,Mumbai Indians,2416,1964,1.0,85
167,Atharva Taide,Punjab Kings,247,177,1.0,8
168,AU Rashid,Sunrisers Hyderabad,22,17,1.0,2
169,AUK Pathan,Royal Challengers Bangalore,39,26,1.0,5
170,Avesh Khan,Delhi Capitals,9,6,1.0,0
171,Avesh Khan,Lucknow Super Giants,24,17,1.0,1
172,Avesh Khan,Rajasthan Royals,10,5,2.0,0
173,Azhar Mahmood,Kings XI Punjab,382,303,1.0,18
174,Azhar Mahmood,Kolkata Knight Riders,6,8,0.0,1
175,Azmatullah Omarzai,Gujarat Titans,42,34,1.0,4
176,Azmatullah Omarzai,Punjab Kings,16,15,1.0,1
177,B Akhil,Kochi Tuskers Kerala,13,9,1.0,1
178,B Akhil,Royal Challengers Bangalore,63,48,1.0,4
179,B Chipli,Deccan Chargers,244,207,1.0,11
180,B Chipli,Delhi Daredevils,16,19,0.0,1
181,B Chipli,Royal Challengers Bangalore,20,30,0.0,3
182,B Indrajith,Kolkata Knight Riders,21,31,0.0,3
183,B Kumar,Pune Warriors,93,114,0.0,10
184,B Kumar,Royal Challengers Bengaluru,10,22,0.0,1
185,B Kumar,Sunrisers Hyderabad,213,224,0.0,22
186,B Laughlin,Chennai Super Kings,4,9,0.0,1
187,B Laughlin,Rajasthan Royals,1,4,0.0,1
188,B Lee,Kings XI Punjab,56,60,0.0,4
189,B Lee,Kolkata Knight Riders,68,42,1.0,5
190,B Sai Sudharsan,Gujarat Titans,1451,1062,1.0,29
191,B Stanlake,Sunrisers Hyderabad,5,2,2.0,0
192,B Sumanth,Deccan Chargers,35,38,0.0,1
193,BA Bhatt,Kings XI Punjab,6,7,0.0,0
194,BA Stokes,Chennai Super Kings,15,15,1.0,2
195,BA Stokes,Rajasthan Royals,604,476,1.0,26
196,BA Stokes,Rising Pune Supergiant,316,227,1.0,10
197,Basil Thampi,Gujarat Lions,28,30,0.0,0
198,Basil Thampi,Sunrisers Hyderabad,4,7,0.0,1
199,BAW Mendis,Kolkata Knight Riders,1,2,0.0,1
200,BAW Mendis,Pune Warriors,2,4,0.0,1
201,BB McCullum,Chennai Super Kings,841,634,1.0,25
202,BB McCullum,Gujarat Lions,674,500,1.0,27
203,BB McCullum,Kochi Tuskers Kerala,357,292,1.0,13
204,BB McCullum,Kolkata Knight Riders,883,755,1.0,31
205,BB McCullum,Royal Challengers Bangalore,127,91,1.0,6
206,BB Samantray,Deccan Chargers,2,2,1.0,0
207,BB Samantray,Sunrisers Hyderabad,123,114,1.0,5
208,BB Sran,Kings XI Punjab,3,7,0.0,1
209,BB Sran,Mumbai Indians,3,3,1.0,0
210,BB Sran,Sunrisers Hyderabad,4,4,1.0,0
211,BCJ Cutting,Mumbai Indians,114,76,1.0,6
212,BCJ Cutting,Rajasthan Royals,8,6,1.0,0
213,BCJ Cutting,Sunrisers Hyderabad,116,64,1.0,4
214,BE Hendricks,Kings XI Punjab,1,3,0.0,1
215,Bipul Sharma,Kings XI Punjab,104,72,1.0,3
216,Bipul Sharma,Sunrisers Hyderabad,83,52,1.0,3
217,BJ Haddin,Kolkata Knight Riders,18,11,1.0,1
218,BJ Hodge,Kochi Tuskers Kerala,285,245,1.0,8
219,BJ Hodge,Kolkata Knight Riders,476,430,1.0,15
220,BJ Hodge,Rajasthan Royals,639,478,1.0,18
221,BJ Rohrer,Delhi Daredevils,193,146,1.0,7
222,BMAJ Mendis,Delhi Daredevils,23,27,0.0,3
223,BR Dunk,Mumbai Indians,40,36,1.0,3
224,BR Sharath,Gujarat Titans,2,5,0.0,1
225,C de Grandhomme,Kolkata Knight Riders,126,92,1.0,8
226,C de Grandhomme,Royal Challengers Bangalore,177,137,1.0,6
227,C Green,Mumbai Indians,452,287,1.0,9
228,C Green,Royal Challengers Bengaluru,255,185,1.0,8
229,C Madan,Mumbai Indians,15,21,0.0,1
230,C Munro,Delhi Capitals,84,72,1.0,4
231,C Munro,Delhi Daredevils,63,41,1.0,4
232,C Munro,Kolkata Knight Riders,30,31,0.0,1
233,C Nanda,Mumbai Indians,0,1,0.0,1
234,C Sakariya,Delhi Capitals,4,6,0.0,1
235,C Sakariya,Rajasthan Royals,16,25,0.0,4
236,CA Ingram,Delhi Capitals,184,157,1.0,10
237,CA Ingram,Delhi Daredevils,21,26,0.0,2
238,CA Lynn,Deccan Chargers,6,10,0.0,1
239,CA Lynn,Kolkata Knight Riders,1274,928,1.0,36
240,CA Lynn,Mumbai Indians,49,36,1.0,1
241,CA Pujara,Kings XI Punjab,125,129,0.0,4
242,CA Pujara,Kolkata Knight Riders,122,119,1.0,4
243,CA Pujara,Royal Challengers Bangalore,143,155,0.0,10
244,CH Gayle,Kings XI Punjab,1153,824,1.0,27
245,CH Gayle,Kolkata Knight Riders,476,356,1.0,16
246,CH Gayle,Punjab Kings,193,160,1.0,9
247,CH Gayle,Royal Challengers Bangalore,3175,2176,1.0,73
248,CH Morris,Chennai Super Kings,14,17,0.0,2
249,CH Morris,Delhi Capitals,32,38,0.0,6
250,CH Morris,Delhi Daredevils,395,237,1.0,9
251,CH Morris,Rajasthan Royals,143,100,1.0,7
252,CH Morris,Royal Challengers Bangalore,34,21,1.0,4
253,CJ Anderson,Delhi Daredevils,142,130,1.0,7
254,CJ Anderson,Mumbai Indians,379,284,1.0,12
255,CJ Anderson,Royal Challengers Bangalore,17,22,0.0,3
256,CJ Ferguson,Pune Warriors,98,119,0.0,6
257,CJ Jordan,Chennai Super Kings,11,9,1.0,1
258,CJ Jordan,Kings XI Punjab,29,33,0.0,3
259,CJ Jordan,Mumbai Indians,6,13,0.0,2
260,CJ Jordan,Punjab Kings,32,21,1.0,2
261,CJ Jordan,Royal Challengers Bangalore,3,4,0.0,0
262,CJ Jordan,Sunrisers Hyderabad,0,1,0.0,1
263,CJ McKay,Mumbai Indians,8,15,0.0,1
264,CK Kapugedera,Chennai Super Kings,16,24,0.0,3
265,CK Langeveldt,Kolkata Knight Riders,0,1,0.0,1
266,CK Langeveldt,Royal Challengers Bangalore,8,8,1.0,1
267,CL White,Deccan Chargers,583,436,1.0,15
268,CL White,Royal Challengers Bangalore,162,138,1.0,7
269,CL White,Sunrisers Hyderabad,226,200,1.0,12
270,CM Gautam,Delhi Daredevils,48,42,1.0,3
271,CM Gautam,Mumbai Indians,121,116,1.0,6
272,CR Brathwaite,Delhi Daredevils,95,56,1.0,8
273,CR Brathwaite,Kolkata Knight Riders,11,10,1.0,2
274,CR Brathwaite,Sunrisers Hyderabad,75,54,1.0,3
275,CR Woakes,Delhi Capitals,15,11,1.0,0
276,CR Woakes,Kolkata Knight Riders,46,47,0.0,3
277,CR Woakes,Royal Challengers Bangalore,17,19,0.0,2
278,CRD Fernando,Mumbai Indians,4,3,1.0,0
279,CV Varun,Kolkata Knight Riders,25,49,0.0,2
280,D Brevis,Chennai Super Kings,42,25,1.0,1
281,D Brevis,Mumbai Indians,230,176,1.0,10
282,D du Preez,Royal Challengers Bangalore,10,13,0.0,1
283,D Ferreira,Delhi Capitals,1,3,0.0,1
284,D Ferreira,Rajasthan Royals,8,11,0.0,2
285,D Kalyankrishna,Deccan Chargers,3,8,0.0,1
286,D Padikkal,Lucknow Super Giants,38,60,0.0,7
287,D Padikkal,Rajasthan Royals,637,523,1.0,27
288,D Padikkal,Royal Challengers Bangalore,884,740,1.0,27
289,D Padikkal,Royal Challengers Bengaluru,230,155,1.0,7
290,D Pretorius,Chennai Super Kings,44,28,1.0,4
291,D Salunkhe,Rajasthan Royals,33,24,1.0,1
292,D Wiese,Kolkata Knight Riders,21,11,1.0,1
293,D Wiese,Royal Challengers Bangalore,127,94,1.0,4
294,DA Miller,Gujarat Titans,950,681,1.0,21
295,DA Miller,Kings XI Punjab,1850,1375,1.0,53
296,DA Miller,Lucknow Super Giants,118,99,1.0,3
297,DA Miller,Rajasthan Royals,124,115,1.0,5
298,DA Warner,Delhi Capitals,1116,837,1.0,30
299,DA Warner,Delhi Daredevils,1435,1107,1.0,50
300,DA Warner,Sunrisers Hyderabad,4016,2905,1.0,78
301,DAJ Bracewell,Delhi Daredevils,12,9,1.0,0
302,DB Das,Kolkata Knight Riders,304,267,1.0,12
303,DB Ravi Teja,Deccan Chargers,361,307,1.0,18
304,DB Ravi Teja,Sunrisers Hyderabad,14,18,0.0,1
305,DE Bollinger,Chennai Super Kings,21,23,0.0,1
306,DG Nalkande,Gujarat Titans,12,12,1.0,2
307,DH Yagnik,Rajasthan Royals,170,142,1.0,9
308,Dhruv Jurel,Rajasthan Royals,585,400,1.0,19
309,DJ Bravo,Chennai Super Kings,1004,758,1.0,39
310,DJ Bravo,Gujarat Lions,99,88,1.0,8
311,DJ Bravo,Mumbai Indians,457,401,1.0,21
312,DJ Harris,Deccan Chargers,111,103,1.0,3
313,DJ Hooda,Chennai Super Kings,29,41,0.0,4
314,DJ Hooda,Kings XI Punjab,102,74,1.0,1
315,DJ Hooda,Lucknow Super Giants,680,540,1.0,31
316,DJ Hooda,Punjab Kings,160,125,1.0,9
317,DJ Hooda,Rajasthan Royals,151,99,1.0,9
318,DJ Hooda,Sunrisers Hyderabad,373,332,1.0,24
319,DJ Hussey,Chennai Super Kings,116,96,1.0,2
320,DJ Hussey,Kings XI Punjab,695,588,1.0,26
321,DJ Hussey,Kolkata Knight Riders,511,417,1.0,18
322,DJ Jacobs,Mumbai Indians,92,101,0.0,7
323,DJ Malan,Punjab Kings,26,26,1.0,1
324,DJ Mitchell,Chennai Super Kings,318,228,1.0,11
325,DJ Mitchell,Rajasthan Royals,33,46,0.0,2
326,DJ Muthuswami,Delhi Daredevils,1,3,0.0,1
327,DJ Thornely,Mumbai Indians,39,54,0.0,3
328,DJ Willey,Royal Challengers Bangalore,53,64,0.0,2
329,DJG Sammy,Royal Challengers Bangalore,13,18,0.0,2
330,DJG Sammy,Sunrisers Hyderabad,282,233,1.0,13
331,DJM Short,Rajasthan Royals,115,102,1.0,7
332,DL Chahar,Chennai Super Kings,66,55,1.0,6
333,DL Chahar,Mumbai Indians,28,16,1.0,1
334,DL Chahar,Rising Pune Supergiant,14,6,2.0,1
335,DL Vettori,Delhi Daredevils,67,60,1.0,3
336,DL Vettori,Royal Challengers Bangalore,54,58,0.0,4
337,DM Bravo,Kolkata Knight Riders,6,5,1.0,0
338,DNT Zoysa,Deccan Chargers,11,9,1.0,1
339,DP Conway,Chennai Super Kings,1018,747,1.0,21
340,DP Nannes,Delhi Daredevils,4,13,0.0,1
341,DP Vijaykumar,Deccan Chargers,1,1,1.0,0
342,DPMD Jayawardene,Delhi Daredevils,666,628,1.0,24
343,DPMD Jayawardene,Kings XI Punjab,843,622,1.0,24
344,DPMD Jayawardene,Kochi Tuskers Kerala,299,272,1.0,11
345,DR Martyn,Rajasthan Royals,19,26,0.0,1
346,DR Sams,Delhi Capitals,0,2,0.0,1
347,DR Sams,Mumbai Indians,38,40,0.0,7
348,DR Sams,Royal Challengers Bangalore,6,6,1.0,1
349,DR Shorey,Chennai Super Kings,13,20,0.0,2
350,DR Smith,Chennai Super Kings,965,766,1.0,30
351,DR Smith,Deccan Chargers,237,159,1.0,10
352,DR Smith,Gujarat Lions,563,384,1.0,21
353,DR Smith,Mumbai Indians,620,494,1.0,19
354,DS Kulkarni,Gujarat Lions,28,18,1.0,3
355,DS Kulkarni,Mumbai Indians,26,46,0.0,3
356,DS Kulkarni,Rajasthan Royals,50,49,1.0,2
357,DS Lehmann,Rajasthan Royals,18,19,0.0,2
358,DT Christian,Deccan Chargers,335,283,1.0,15
359,DT Christian,Delhi Daredevils,26,33,0.0,1
360,DT Christian,Rising Pune Supergiant,79,52,1.0,5
361,DT Christian,Royal Challengers Bangalore,20,40,0.0,6
362,DT Patil,Royal Challengers Bangalore,13,13,1.0,1
363,DW Steyn,Deccan Chargers,55,58,0.0,8
364,DW Steyn,Gujarat Lions,1,2,0.0,1
365,DW Steyn,Royal Challengers Bangalore,16,27,0.0,6
366,DW Steyn,Sunrisers Hyderabad,95,76,1.0,5
367,E Lewis,Lucknow Super Giants,73,60,1.0,3
368,E Lewis,Mumbai Indians,430,343,1.0,16
369,E Lewis,Rajasthan Royals,151,96,1.0,5
370,EJG Morgan,Kings XI Punjab,65,62,1.0,4
371,EJG Morgan,Kolkata Knight Riders,996,829,1.0,39
372,EJG Morgan,Royal Challengers Bangalore,35,31,1.0,3
373,EJG Morgan,Sunrisers Hyderabad,310,259,1.0,13
374,ER Dwivedi,Gujarat Lions,24,15,1.0,2
375,F Behardien,Kings XI Punjab,14,13,1.0,2
376,F du Plessis,Chennai Super Kings,2721,2123,1.0,70
377,F du Plessis,Delhi Capitals,81,55,1.0,3
378,F du Plessis,Rising Pune Supergiant,8,7,1.0,1
379,F du Plessis,Rising Pune Supergiants,206,169,1.0,6
380,F du Plessis,Royal Challengers Bangalore,1198,860,1.0,28
381,F du Plessis,Royal Challengers Bengaluru,438,276,1.0,14
382,FA Allen,Mumbai Indians,8,7,1.0,1
383,FA Allen,Punjab Kings,6,12,0.0,1
384,Fazalhaq Farooqi,Rajasthan Royals,2,2,1.0,0
385,Fazalhaq Farooqi,Sunrisers Hyderabad,3,13,0.0,0
386,FH Edwards,Deccan Chargers,4,5,0.0,1
387,FY Fazal,Rajasthan Royals,183,179,1.0,9
388,G Coetzee,Mumbai Indians,14,22,0.0,4
389,G Gambhir,Delhi Daredevils,1182,991,1.0,38
390,G Gambhir,Kolkata Knight Riders,3035,2533,1.0,90
391,GB Hogg,Kolkata Knight Riders,7,6,1.0,0
392,GB Hogg,Rajasthan Royals,15,16,0.0,2
393,GC Smith,Pune Warriors,42,54,0.0,4
394,GC Smith,Rajasthan Royals,697,637,1.0,22
395,GC Viljoen,Kings XI Punjab,3,7,0.0,2
396,GD McGrath,Delhi Daredevils,4,5,0.0,1
397,GD Phillips,Rajasthan Royals,26,33,0.0,2
398,GD Phillips,Sunrisers Hyderabad,39,22,1.0,5
399,GH Vihari,Delhi Capitals,4,8,0.0,2
400,GH Vihari,Sunrisers Hyderabad,280,323,0.0,17
401,GHS Garton,Royal Challengers Bangalore,2,4,0.0,1
402,GJ Bailey,Chennai Super Kings,63,67,0.0,3
403,GJ Bailey,Kings XI Punjab,516,386,1.0,19
404,GJ Bailey,Rising Pune Supergiants,84,99,0.0,4
405,GJ Maxwell,Delhi Daredevils,175,133,1.0,11
406,GJ Maxwell,Kings XI Punjab,1295,854,1.0,53
407,GJ Maxwell,Mumbai Indians,36,27,1.0,2
408,GJ Maxwell,Punjab Kings,48,54,0.0,6
409,GJ Maxwell,Royal Challengers Bangalore,1214,782,1.0,33
410,GJ Maxwell,Royal Challengers Bengaluru,52,46,1.0,9
411,GR Napier,Mumbai Indians,15,16,0.0,1
412,Gulbadin Naib,Delhi Capitals,19,15,1.0,1
413,Gurkeerat Singh,Kings XI Punjab,342,280,1.0,21
414,Gurkeerat Singh,Royal Challengers Bangalore,169,156,1.0,3
415,H Das,Deccan Chargers,2,5,0.0,1
416,H Klaasen,Rajasthan Royals,57,48,1.0,3
417,H Klaasen,Royal Challengers Bangalore,9,10,0.0,2
418,H Klaasen,Sunrisers Hyderabad,1215,746,1.0,28
419,Harbhajan Singh,Chennai Super Kings,30,41,0.0,3
420,Harbhajan Singh,Kolkata Knight Riders,4,4,1.0,0
421,Harbhajan Singh,Mumbai Indians,799,591,1.0,48
422,Harmeet Singh,Deccan Chargers,0,1,0.0,1
423,Harmeet Singh,Kings XI Punjab,18,11,1.0,1
424,Harpreet Brar,Kings XI Punjab,20,14,1.0,0
425,Harpreet Brar,Punjab Kings,213,187,1.0,11
426,Harpreet Singh,Pune Warriors,20,26,0.0,2
427,Harpreet Singh,Punjab Kings,103,93,1.0,4
428,Harshit Rana,Kolkata Knight Riders,25,34,0.0,5
429,HC Brook,Sunrisers Hyderabad,190,159,1.0,9
430,HE van der Dussen,Rajasthan Royals,22,25,0.0,2
431,HF Gurney,Kolkata Knight Riders,1,5,0.0,0
432,HH Gibbs,Deccan Chargers,805,746,1.0,29
433,HH Gibbs,Mumbai Indians,81,91,0.0,2
434,HH Pandya,Gujarat Titans,833,641,1.0,20
435,HH Pandya,Mumbai Indians,1805,1238,1.0,70
436,HM Amla,Kings XI Punjab,577,418,1.0,13
437,HR Shokeen,Mumbai Indians,66,67,0.0,3
438,HV Patel,Delhi Capitals,21,28,0.0,3
439,HV Patel,Delhi Daredevils,60,33,1.0,0
440,HV Patel,Punjab Kings,13,19,0.0,3
441,HV Patel,Royal Challengers Bangalore,155,134,1.0,18
442,HV Patel,Sunrisers Hyderabad,21,27,0.0,2
443,I Malhotra,Deccan Chargers,7,4,1.0,0
444,I Sharma,Deccan Chargers,4,5,0.0,0
445,I Sharma,Delhi Capitals,12,12,1.0,0
446,I Sharma,Kings XI Punjab,8,13,0.0,2
447,I Sharma,Kolkata Knight Riders,33,41,0.0,4
448,I Udana,Royal Challengers Bangalore,15,11,1.0,3
449,IC Pandey,Pune Warriors,0,2,0.0,1
450,IK Pathan,Delhi Daredevils,479,438,1.0,22
451,IK Pathan,Gujarat Lions,2,3,0.0,1
452,IK Pathan,Kings XI Punjab,603,472,1.0,22
453,IK Pathan,Rising Pune Supergiants,11,14,0.0,2
454,IK Pathan,Sunrisers Hyderabad,55,58,0.0,2
455,Imran Tahir,Chennai Super Kings,15,12,1.0,0
456,Imran Tahir,Delhi Daredevils,18,23,0.0,4
457,Imran Tahir,Rising Pune Supergiant,0,2,0.0,0
458,Iqbal Abdulla,Kolkata Knight Riders,26,32,0.0,0
459,Iqbal Abdulla,Royal Challengers Bangalore,62,54,1.0,1
460,IR Jaggi,Deccan Chargers,43,60,0.0,4
461,IR Jaggi,Kolkata Knight Riders,33,40,0.0,1
462,IS Sodhi,Rajasthan Royals,7,18,0.0,2
463,Ishan Kishan,Gujarat Lions,319,255,1.0,14
464,Ishan Kishan,Mumbai Indians,2325,1736,1.0,77
465,Ishan Kishan,Sunrisers Hyderabad,183,127,1.0,7
466,J Arunkumar,Royal Challengers Bangalore,23,24,0.0,3
467,J Botha,Delhi Daredevils,43,52,0.0,6
468,J Botha,Kolkata Knight Riders,31,15,2.0,3
469,J Botha,Rajasthan Royals,335,297,1.0,11
470,J Fraser-McGurk,Delhi Capitals,385,203,1.0,14
471,J Overton,Chennai Super Kings,15,7,2.0,0
472,J Suchith,Delhi Capitals,6,15,0.0,1
473,J Suchith,Mumbai Indians,48,33,1.0,1
474,J Suchith,Sunrisers Hyderabad,16,14,1.0,2
475,J Syed Mohammad,Royal Challengers Bangalore,29,27,1.0,2
476,J Theron,Deccan Chargers,7,6,1.0,0
477,J Theron,Kings XI Punjab,2,6,0.0,2
478,J Theron,Rajasthan Royals,1,1,1.0,0
479,J Yadav,Delhi Daredevils,6,12,0.0,0
480,J Yadav,Mumbai Indians,34,26,1.0,2
481,JA Morkel,Chennai Super Kings,828,592,1.0,33
482,JA Morkel,Delhi Daredevils,86,70,1.0,1
483,JA Morkel,Rising Pune Supergiants,16,9,1.0,1
484,JA Morkel,Royal Challengers Bangalore,45,41,1.0,3
485,JA Richardson,Delhi Capitals,2,2,1.0,1
486,JA Richardson,Punjab Kings,15,25,0.0,2
487,Jaskaran Singh,Deccan Chargers,8,11,0.0,1
488,JC Archer,Mumbai Indians,4,4,1.0,0
489,JC Archer,Rajasthan Royals,216,144,1.0,17
490,JC Buttler,Gujarat Titans,356,218,1.0,5
491,JC Buttler,Mumbai Indians,528,375,1.0,20
492,JC Buttler,Rajasthan Royals,3055,2144,1.0,72
493,JD Ryder,Pune Warriors,548,417,1.0,22
494,JD Ryder,Royal Challengers Bangalore,56,49,1.0,5
495,JD Unadkat,Delhi Daredevils,1,6,0.0,1
496,JD Unadkat,Lucknow Super Giants,9,7,1.0,1
497,JD Unadkat,Mumbai Indians,59,37,1.0,1
498,JD Unadkat,Rajasthan Royals,100,86,1.0,8
499,JD Unadkat,Rising Pune Supergiant,2,5,0.0,0
500,JD Unadkat,Royal Challengers Bangalore,2,2,1.0,0
501,JD Unadkat,Sunrisers Hyderabad,24,27,0.0,2
502,JDP Oram,Chennai Super Kings,106,107,0.0,7
503,JDP Oram,Rajasthan Royals,0,3,0.0,1
504,JDS Neesham,Delhi Daredevils,42,46,0.0,3
505,JDS Neesham,Kings XI Punjab,19,18,1.0,2
506,JDS Neesham,Mumbai Indians,0,2,0.0,2
507,JDS Neesham,Rajasthan Royals,31,27,1.0,1
508,JE Root,Rajasthan Royals,10,15,0.0,1
509,JE Taylor,Pune Warriors,3,4,0.0,0
510,JEC Franklin,Mumbai Indians,327,309,1.0,11
511,JH Kallis,Kolkata Knight Riders,1295,1237,1.0,48
512,JH Kallis,Royal Challengers Bangalore,1132,1054,1.0,35
513,JJ Bumrah,Mumbai Indians,68,81,0.0,6
514,JJ Roy,Delhi Daredevils,120,98,1.0,4
515,JJ Roy,Gujarat Lions,59,41,1.0,2
516,JJ Roy,Kolkata Knight Riders,285,196,1.0,8
517,JJ Roy,Sunrisers Hyderabad,150,125,1.0,5
518,JJ van der Wath,Royal Challengers Bangalore,18,17,1.0,2
519,JL Denly,Kolkata Knight Riders,0,1,0.0,1
520,JL Pattinson,Mumbai Indians,15,13,1.0,1
521,JM Bairstow,Punjab Kings,551,377,1.0,20
522,JM Bairstow,Sunrisers Hyderabad,1038,755,1.0,25
523,JM Kemp,Chennai Super Kings,26,25,1.0,2
524,JM Sharma,Punjab Kings,730,501,1.0,32
525,JM Sharma,Royal Challengers Bengaluru,121,85,1.0,4
526,JO Holder,Kolkata Knight Riders,22,20,1.0,4
527,JO Holder,Lucknow Super Giants,58,46,1.0,6
528,JO Holder,Rajasthan Royals,12,12,1.0,2
529,JO Holder,Sunrisers Hyderabad,167,139,1.0,9
530,Joginder Sharma,Chennai Super Kings,36,30,1.0,4
531,JP Behrendorff,Mumbai Indians,6,9,0.0,0
532,JP Duminy,Deccan Chargers,449,371,1.0,13
533,JP Duminy,Delhi Daredevils,1015,795,1.0,22
534,JP Duminy,Mumbai Indians,565,514,1.0,13
535,JP Faulkner,Gujarat Lions,131,120,1.0,7
536,JP Faulkner,Kings XI Punjab,14,14,1.0,1
537,JP Faulkner,Rajasthan Royals,382,272,1.0,18
538,JP Inglis,Punjab Kings,56,47,1.0,3
539,JPR Scantlebury-Searles,Kolkata Knight Riders,8,6,1.0,1
540,JR Hazlewood,Royal Challengers Bangalore,19,29,0.0,0
541,JR Hazlewood,Royal Challengers Bengaluru,0,1,0.0,0
542,JR Hopes,Delhi Daredevils,196,162,1.0,5
543,JR Hopes,Kings XI Punjab,221,152,1.0,11
544,JR Philippe,Royal Challengers Bangalore,78,80,0.0,4
545,K Goel,Kings XI Punjab,218,239,0.0,13
546,K Gowtham,Kings XI Punjab,42,27,1.0,1
547,K Gowtham,Lucknow Super Giants,61,46,1.0,5
548,K Gowtham,Rajasthan Royals,144,86,1.0,12
549,K Kartikeya,Mumbai Indians,9,13,0.0,2
550,K Kartikeya,Rajasthan Royals,1,1,1.0,0
551,K Rabada,Delhi Capitals,83,73,1.0,6
552,K Rabada,Delhi Daredevils,55,68,0.0,3
553,K Rabada,Gujarat Titans,7,6,1.0,0
554,K Rabada,Punjab Kings,68,66,1.0,6
555,K Upadhyay,Pune Warriors,12,9,1.0,0
556,K Yadav,Rajasthan Royals,0,4,0.0,0
557,KA Jamieson,Royal Challengers Bangalore,65,55,1.0,3
558,KA Maharaj,Rajasthan Royals,1,2,0.0,1
559,KA Pollard,Mumbai Indians,3437,2447,1.0,120
560,KAJ Roach,Deccan Chargers,10,9,1.0,1
561,Kamran Akmal,Rajasthan Royals,128,78,1.0,4
562,Kamran Khan,Rajasthan Royals,3,5,0.0,1
563,Karanveer Singh,Kings XI Punjab,12,17,0.0,1
564,Kartik Tyagi,Rajasthan Royals,6,10,0.0,2
565,Kartik Tyagi,Sunrisers Hyderabad,7,6,1.0,2
566,KB Arun Karthik,Chennai Super Kings,3,5,0.0,0
567,KB Arun Karthik,Royal Challengers Bangalore,48,48,1.0,5
568,KC Cariappa,Kings XI Punjab,15,18,0.0,3
569,KC Cariappa,Kolkata Knight Riders,9,3,3.0,0
570,KC Sangakkara,Deccan Chargers,558,488,1.0,24
571,KC Sangakkara,Kings XI Punjab,1009,799,1.0,32
572,KC Sangakkara,Sunrisers Hyderabad,120,137,0.0,9
573,KD Karthik,Delhi Daredevils,1036,835,1.0,40
574,KD Karthik,Gujarat Lions,696,541,1.0,22
575,KD Karthik,Kings XI Punjab,282,225,1.0,11
576,KD Karthik,Kolkata Knight Riders,1144,838,1.0,39
577,KD Karthik,Mumbai Indians,748,639,1.0,30
578,KD Karthik,Royal Challengers Bangalore,611,414,1.0,25
579,KD Karthik,Royal Challengers Bengaluru,326,195,1.0,8
580,KH Pandya,Lucknow Super Giants,504,434,1.0,23
581,KH Pandya,Mumbai Indians,1143,853,1.0,48
582,KH Pandya,Royal Challengers Bengaluru,24,29,0.0,4
583,KJ Abbott,Kings XI Punjab,13,8,1.0,1
584,KK Ahmed,Chennai Super Kings,1,2,0.0,0
585,KK Ahmed,Delhi Capitals,0,2,0.0,2
586,KK Ahmed,Sunrisers Hyderabad,1,5,0.0,3
587,KK Cooper,Rajasthan Royals,116,70,1.0,9
588,KK Nair,Delhi Capitals,135,75,1.0,3
589,KK Nair,Delhi Daredevils,638,533,1.0,22
590,KK Nair,Kings XI Punjab,322,245,1.0,15
591,KK Nair,Rajasthan Royals,527,402,1.0,22
592,KK Nair,Royal Challengers Bangalore,9,12,0.0,2
593,KL Nagarkoti,Kolkata Knight Riders,22,34,0.0,4
594,KL Rahul,Delhi Capitals,330,218,1.0,5
595,KL Rahul,Kings XI Punjab,1928,1404,1.0,37
596,KL Rahul,Lucknow Super Giants,1410,1117,1.0,33
597,KL Rahul,Punjab Kings,626,465,1.0,9
598,KL Rahul,Royal Challengers Bangalore,417,293,1.0,11
599,KL Rahul,Sunrisers Hyderabad,308,299,1.0,13
600,KM Asif,Rajasthan Royals,0,2,0.0,1
601,KM Jadhav,Chennai Super Kings,248,263,0.0,12
602,KM Jadhav,Delhi Daredevils,566,434,1.0,21
603,KM Jadhav,Kochi Tuskers Kerala,18,23,0.0,3
604,KM Jadhav,Royal Challengers Bangalore,321,237,1.0,11
605,KM Jadhav,Sunrisers Hyderabad,55,55,1.0,4
606,KMA Paul,Delhi Capitals,18,26,0.0,4
607,KMDN Kulasekara,Chennai Super Kings,5,3,1.0,0
608,KP Appanna,Royal Challengers Bangalore,2,4,0.0,1
609,KP Pietersen,Delhi Daredevils,599,449,1.0,15
610,KP Pietersen,Rising Pune Supergiants,73,61,1.0,3
611,KP Pietersen,Royal Challengers Bangalore,329,248,1.0,9
612,KR Mayers,Lucknow Super Giants,379,276,1.0,13
613,KR Sen,Rajasthan Royals,0,3,0.0,0
614,KS Bharat,Delhi Capitals,8,7,1.0,2
615,KS Bharat,Royal Challengers Bangalore,191,161,1.0,5
616,KS Sharma,Lucknow Super Giants,16,25,0.0,3
617,KS Williamson,Gujarat Titans,27,27,1.0,2
618,KS Williamson,Sunrisers Hyderabad,2105,1707,1.0,56
619,Kuldeep Yadav,Delhi Capitals,136,155,0.0,7
620,Kuldeep Yadav,Kolkata Knight Riders,57,76,0.0,4
621,Kumar Kushagra,Delhi Capitals,3,7,0.0,3
622,KV Sharma,Mumbai Indians,49,42,1.0,6
623,KV Sharma,Royal Challengers Bangalore,4,8,0.0,3
624,KV Sharma,Royal Challengers Bengaluru,31,16,1.0,2
625,KV Sharma,Sunrisers Hyderabad,267,240,1.0,13
626,KW Richardson,Pune Warriors,34,36,0.0,2
627,KW Richardson,Rajasthan Royals,1,2,0.0,1
628,KW Richardson,Royal Challengers Bangalore,1,1,1.0,0
629,L Ablish,Kings XI Punjab,0,2,0.0,0
630,L Balaji,Chennai Super Kings,22,35,0.0,5
631,L Balaji,Kings XI Punjab,1,3,0.0,1
632,L Balaji,Kolkata Knight Riders,13,12,1.0,1
633,L Ronchi,Mumbai Indians,34,37,0.0,3
634,L Wood,Mumbai Indians,9,3,3.0,0
635,LA Carseldine,Rajasthan Royals,81,71,1.0,3
636,LA Pomersbach,Kings XI Punjab,251,210,1.0,6
637,LA Pomersbach,Royal Challengers Bangalore,51,41,1.0,4
638,Lalit Yadav,Delhi Capitals,305,301,1.0,15
639,LB Williams,Delhi Capitals,1,2,0.0,0
640,LE Plunkett,Delhi Daredevils,1,3,0.0,1
641,LH Ferguson,Gujarat Titans,5,4,1.0,2
642,LH Ferguson,Kolkata Knight Riders,61,42,1.0,0
643,LH Ferguson,Punjab Kings,4,1,4.0,0
644,LH Ferguson,Rising Pune Supergiant,1,1,1.0,0
645,LH Ferguson,Royal Challengers Bengaluru,1,1,1.0,1
646,Liton Das,Kolkata Knight Riders,4,4,1.0,1
647,LJ Wright,Pune Warriors,106,63,1.0,4
648,LMP Simmons,Mumbai Indians,1079,878,1.0,26
649,LPC Silva,Deccan Chargers,40,27,1.0,2
650,LR Shukla,Delhi Daredevils,31,38,0.0,3
651,LR Shukla,Kolkata Knight Riders,374,320,1.0,24
652,LRPL Taylor,Delhi Daredevils,256,239,1.0,12
653,LRPL Taylor,Pune Warriors,63,77,0.0,4
654,LRPL Taylor,Rajasthan Royals,181,158,1.0,5
655,LRPL Taylor,Royal Challengers Bangalore,517,373,1.0,17
656,LS Livingstone,Punjab Kings,827,518,1.0,24
657,LS Livingstone,Rajasthan Royals,112,91,1.0,8
658,LS Livingstone,Royal Challengers Bengaluru,87,69,1.0,5
659,M Ashwin,Kings XI Punjab,7,9,0.0,2
660,M Ashwin,Mumbai Indians,12,14,0.0,2
661,M Ashwin,Punjab Kings,15,24,0.0,2
662,M Ashwin,Rising Pune Supergiants,0,1,0.0,1
663,M Ashwin,Royal Challengers Bangalore,1,2,0.0,1
664,M de Lange,Mumbai Indians,1,2,0.0,1
665,M Jansen,Mumbai Indians,0,4,0.0,2
666,M Jansen,Punjab Kings,71,61,1.0,3
667,M Jansen,Sunrisers Hyderabad,66,67,0.0,5
668,M Kaif,Kings XI Punjab,28,31,0.0,3
669,M Kaif,Rajasthan Royals,176,176,1.0,9
670,M Kaif,Royal Challengers Bangalore,55,51,1.0,4
671,M Kartik,Kolkata Knight Riders,73,70,1.0,4
672,M Kartik,Pune Warriors,38,36,1.0,1
673,M Kartik,Royal Challengers Bangalore,2,3,0.0,1
674,M Klinger,Kochi Tuskers Kerala,73,78,0.0,4
675,M Manhas,Chennai Super Kings,35,26,1.0,2
676,M Manhas,Delhi Daredevils,232,216,1.0,7
677,M Manhas,Pune Warriors,247,244,1.0,14
678,M Markande,Mumbai Indians,27,30,0.0,3
679,M Markande,Sunrisers Hyderabad,21,14,1.0,0
680,M Morkel,Delhi Daredevils,100,60,1.0,8
681,M Morkel,Kolkata Knight Riders,9,8,1.0,0
682,M Morkel,Rajasthan Royals,17,25,0.0,2
683,M Muralitharan,Chennai Super Kings,9,13,0.0,4
684,M Muralitharan,Kochi Tuskers Kerala,5,8,0.0,0
685,M Muralitharan,Royal Challengers Bangalore,6,9,0.0,2
686,M Ntini,Chennai Super Kings,11,19,0.0,1
687,M Prasidh Krishna,Kolkata Knight Riders,3,12,0.0,1
688,M Prasidh Krishna,Rajasthan Royals,6,12,0.0,1
689,M Rawat,Pune Warriors,5,11,0.0,1
690,M Rawat,Rajasthan Royals,50,59,0.0,4
691,M Shahrukh Khan,Gujarat Titans,200,120,1.0,7
692,M Shahrukh Khan,Punjab Kings,426,336,1.0,20
693,M Theekshana,Chennai Super Kings,7,7,1.0,1
694,M Theekshana,Rajasthan Royals,8,18,0.0,1
695,M Vijay,Chennai Super Kings,1708,1405,1.0,62
696,M Vijay,Delhi Daredevils,207,197,1.0,11
697,M Vijay,Kings XI Punjab,704,606,1.0,20
698,M Vohra,Kings XI Punjab,957,750,1.0,37
699,M Vohra,Lucknow Super Giants,29,23,1.0,2
700,M Vohra,Rajasthan Royals,42,40,1.0,4
701,M Vohra,Royal Challengers Bangalore,55,50,1.0,4
702,MA Agarwal,Delhi Daredevils,355,306,1.0,20
703,MA Agarwal,Kings XI Punjab,884,620,1.0,31
704,MA Agarwal,Punjab Kings,637,491,1.0,23
705,MA Agarwal,Rising Pune Supergiant,26,29,0.0,3
706,MA Agarwal,Royal Challengers Bangalore,433,357,1.0,23
707,MA Agarwal,Sunrisers Hyderabad,334,278,1.0,14
708,MA Khote,Mumbai Indians,24,22,1.0,2
709,MA Starc,Delhi Capitals,5,9,0.0,1
710,MA Starc,Kolkata Knight Riders,9,11,0.0,2
711,MA Starc,Royal Challengers Bangalore,96,98,0.0,6
712,MA Wood,Chennai Super Kings,1,5,0.0,1
713,MA Wood,Lucknow Super Giants,11,5,2.0,1
714,Mandeep Singh,Delhi Capitals,18,24,0.0,3
715,Mandeep Singh,Kings XI Punjab,1058,880,1.0,45
716,Mandeep Singh,Kolkata Knight Riders,18,27,0.0,5
717,Mandeep Singh,Punjab Kings,15,14,1.0,1
718,Mandeep Singh,Royal Challengers Bangalore,597,473,1.0,26
719,Mashrafe Mortaza,Kolkata Knight Riders,2,2,1.0,0
720,Mayank Dagar,Royal Challengers Bengaluru,0,1,0.0,0
721,MC Henriques,Delhi Daredevils,11,5,2.0,1
722,MC Henriques,Kolkata Knight Riders,38,40,0.0,2
723,MC Henriques,Punjab Kings,31,32,0.0,2
724,MC Henriques,Royal Challengers Bangalore,165,127,1.0,4
725,MC Henriques,Sunrisers Hyderabad,755,597,1.0,27
726,MC Juneja,Delhi Daredevils,125,134,0.0,7
727,MD Mishra,Deccan Chargers,166,149,1.0,10
728,MD Mishra,Pune Warriors,71,64,1.0,5
729,MD Shanaka,Gujarat Titans,26,26,1.0,2
730,MDKJ Perera,Rajasthan Royals,14,13,1.0,2
731,MEK Hussey,Chennai Super Kings,1768,1461,1.0,41
732,MEK Hussey,Mumbai Indians,209,187,1.0,8
733,MF Maharoof,Delhi Daredevils,177,124,1.0,10
734,MG Bracewell,Royal Challengers Bangalore,58,49,1.0,2
735,MG Johnson,Kings XI Punjab,92,103,0.0,9
736,MG Johnson,Kolkata Knight Riders,16,11,1.0,0
737,MG Johnson,Mumbai Indians,59,54,1.0,4
738,Misbah-ul-Haq,Royal Challengers Bangalore,117,82,1.0,7
739,MJ Clarke,Pune Warriors,98,96,1.0,6
740,MJ Guptill,Kings XI Punjab,132,88,1.0,6
741,MJ Guptill,Mumbai Indians,57,55,1.0,3
742,MJ Guptill,Sunrisers Hyderabad,82,54,1.0,3
743,MJ Lumb,Deccan Chargers,0,2,0.0,1
744,MJ Lumb,Rajasthan Royals,278,196,1.0,9
745,MJ McClenaghan,Mumbai Indians,85,73,1.0,11
746,MJ Santner,Chennai Super Kings,70,77,0.0,6
747,MJ Santner,Mumbai Indians,39,30,1.0,2
748,MJ Suthar,Gujarat Titans,1,2,0.0,1
749,MK Lomror,Rajasthan Royals,181,154,1.0,8
750,MK Lomror,Royal Challengers Bangalore,221,161,1.0,13
751,MK Lomror,Royal Challengers Bengaluru,125,74,1.0,8
752,MK Pandey,Delhi Capitals,160,149,1.0,9
753,MK Pandey,Kolkata Knight Riders,1339,1098,1.0,41
754,MK Pandey,Lucknow Super Giants,88,84,1.0,6
755,MK Pandey,Mumbai Indians,3,10,0.0,2
756,MK Pandey,Pune Warriors,525,487,1.0,22
757,MK Pandey,Royal Challengers Bangalore,417,353,1.0,13
758,MK Pandey,Sunrisers Hyderabad,1346,1121,1.0,39
759,MK Tiwary,Delhi Daredevils,322,281,1.0,11
760,MK Tiwary,Kings XI Punjab,47,45,1.0,3
761,MK Tiwary,Kolkata Knight Riders,1002,921,1.0,34
762,MK Tiwary,Rising Pune Supergiant,324,242,1.0,9
763,ML Hayden,Chennai Super Kings,1107,839,1.0,28
764,MM Ali,Chennai Super Kings,853,650,1.0,36
765,MM Ali,Kolkata Knight Riders,5,16,0.0,2
766,MM Ali,Royal Challengers Bangalore,309,199,1.0,13
767,MM Patel,Gujarat Lions,0,1,0.0,1
768,MM Patel,Mumbai Indians,2,8,0.0,1
769,MM Patel,Rajasthan Royals,37,32,1.0,3
770,MM Sharma,Chennai Super Kings,29,28,1.0,3
771,MM Sharma,Delhi Capitals,1,3,0.0,1
772,MM Sharma,Gujarat Titans,2,17,0.0,2
773,MM Sharma,Kings XI Punjab,93,92,1.0,11
774,MN Samuels,Delhi Daredevils,29,32,0.0,3
775,MN Samuels,Pune Warriors,132,142,0.0,8
776,MN van Wyk,Kolkata Knight Riders,167,135,1.0,3
777,Mohammad Ashraful,Mumbai Indians,2,12,0.0,1
778,Mohammad Asif,Delhi Daredevils,3,6,0.0,2
779,Mohammad Hafeez,Kolkata Knight Riders,64,84,0.0,7
780,Mohammad Nabi,Mumbai Indians,35,31,1.0,4
781,Mohammad Nabi,Sunrisers Hyderabad,186,126,1.0,12
782,Mohammed Shami,Delhi Daredevils,48,42,1.0,7
783,Mohammed Shami,Gujarat Titans,5,8,0.0,2
784,Mohammed Shami,Kings XI Punjab,3,5,0.0,2
785,Mohammed Shami,Kolkata Knight Riders,5,10,0.0,1
786,Mohammed Shami,Punjab Kings,13,17,0.0,1
787,Mohammed Shami,Sunrisers Hyderabad,10,11,0.0,1
788,Mohammed Siraj,Royal Challengers Bangalore,97,113,0.0,8
789,Mohammed Siraj,Royal Challengers Bengaluru,12,9,1.0,1
790,Mohit Rathee,Punjab Kings,1,2,0.0,0
791,Mohsin Khan,Lucknow Super Giants,25,27,0.0,2
792,MP Stoinis,Delhi Capitals,441,324,1.0,18
793,MP Stoinis,Kings XI Punjab,262,214,1.0,11
794,MP Stoinis,Lucknow Super Giants,952,669,1.0,32
795,MP Stoinis,Punjab Kings,67,45,1.0,4
796,MP Stoinis,Royal Challengers Bangalore,211,159,1.0,4
797,MR Marsh,Deccan Chargers,28,31,0.0,2
798,MR Marsh,Delhi Capitals,440,330,1.0,19
799,MR Marsh,Lucknow Super Giants,344,226,1.0,8
800,MR Marsh,Pune Warriors,190,159,1.0,8
801,MR Marsh,Rising Pune Supergiants,7,11,0.0,1
802,MR Marsh,Sunrisers Hyderabad,0,1,0.0,1
803,MS Bhandage,Royal Challengers Bengaluru,1,4,0.0,1
804,MS Bisla,Kings XI Punjab,218,189,1.0,9
805,MS Bisla,Kolkata Knight Riders,543,518,1.0,25
806,MS Bisla,Royal Challengers Bangalore,37,30,1.0,2
807,MS Dhoni,Chennai Super Kings,4809,3570,1.0,118
808,MS Dhoni,Rising Pune Supergiant,290,261,1.0,11
809,MS Dhoni,Rising Pune Supergiants,284,220,1.0,7
810,MS Gony,Chennai Super Kings,50,39,1.0,4
811,MS Gony,Deccan Chargers,4,10,0.0,2
812,MS Gony,Kings XI Punjab,45,27,1.0,3
813,MS Wade,Delhi Daredevils,22,33,0.0,3
814,MS Wade,Gujarat Titans,161,152,1.0,10
815,Mujeeb Ur Rahman,Kings XI Punjab,11,14,0.0,3
816,Mujeeb Ur Rahman,Sunrisers Hyderabad,1,1,1.0,0
817,Mukesh Choudhary,Chennai Super Kings,6,6,1.0,0
818,Mukesh Kumar,Delhi Capitals,10,20,0.0,1
819,Mustafizur Rahman,Delhi Capitals,4,6,0.0,0
820,Mustafizur Rahman,Mumbai Indians,1,3,0.0,1
821,Mustafizur Rahman,Rajasthan Royals,8,14,0.0,0
822,MV Boucher,Kolkata Knight Riders,6,6,1.0,1
823,MV Boucher,Royal Challengers Bangalore,388,312,1.0,13
824,MW Short,Punjab Kings,117,99,1.0,6
825,N Jagadeesan,Chennai Super Kings,73,71,1.0,3
826,N Jagadeesan,Kolkata Knight Riders,89,84,1.0,6
827,N Pooran,Kings XI Punjab,521,325,1.0,18
828,N Pooran,Lucknow Super Giants,1234,708,1.0,27
829,N Pooran,Punjab Kings,85,77,1.0,10
830,N Pooran,Sunrisers Hyderabad,306,228,1.0,8
831,N Rana,Kolkata Knight Riders,2199,1660,1.0,78
832,N Rana,Mumbai Indians,437,355,1.0,14
833,N Rana,Rajasthan Royals,204,125,1.0,8
834,N Saini,Kings XI Punjab,140,143,0.0,10
835,N Wadhera,Mumbai Indians,350,261,1.0,15
836,N Wadhera,Punjab Kings,189,132,1.0,4
837,NA Saini,Royal Challengers Bangalore,31,36,0.0,3
838,Naman Dhir,Mumbai Indians,270,158,1.0,10
839,Navdeep Saini,Rajasthan Royals,2,2,1.0,1
840,Naveen-ul-Haq,Lucknow Super Giants,18,26,0.0,1
841,ND Doshi,Rajasthan Royals,0,13,0.0,1
842,Niraj Patel,Rajasthan Royals,121,124,0.0,4
843,Nithish Kumar Reddy,Sunrisers Hyderabad,455,362,1.0,16
844,NJ Maddinson,Royal Challengers Bangalore,20,21,0.0,3
845,NJ Rimmington,Kings XI Punjab,1,1,1.0,0
846,NL McCullum,Pune Warriors,26,23,1.0,1
847,NLTC Perera,Kings XI Punjab,12,15,0.0,2
848,NLTC Perera,Kochi Tuskers Kerala,23,29,0.0,2
849,NLTC Perera,Mumbai Indians,4,12,0.0,1
850,NLTC Perera,Rising Pune Supergiants,150,97,1.0,7
851,NLTC Perera,Sunrisers Hyderabad,235,173,1.0,10
852,NM Coulter-Nile,Delhi Daredevils,29,34,0.0,3
853,NM Coulter-Nile,Kolkata Knight Riders,14,13,1.0,3
854,NM Coulter-Nile,Mumbai Indians,38,26,1.0,4
855,NM Coulter-Nile,Rajasthan Royals,1,2,0.0,0
856,Noor Ahmad,Chennai Super Kings,3,13,0.0,2
857,Noor Ahmad,Gujarat Titans,13,18,0.0,4
858,NS Naik,Kings XI Punjab,23,33,0.0,2
859,NS Naik,Kolkata Knight Riders,8,20,0.0,2
860,NT Ellis,Punjab Kings,19,26,0.0,4
861,NV Ojha,Delhi Daredevils,425,413,1.0,26
862,NV Ojha,Rajasthan Royals,545,439,1.0,18
863,NV Ojha,Sunrisers Hyderabad,584,508,1.0,28
864,OA Shah,Kochi Tuskers Kerala,26,16,1.0,1
865,OA Shah,Kolkata Knight Riders,115,96,1.0,2
866,OA Shah,Rajasthan Royals,365,293,1.0,9
867,OC McCoy,Rajasthan Royals,8,5,1.0,0
868,OF Smith,Punjab Kings,51,50,1.0,3
869,P Awana,Kings XI Punjab,5,14,0.0,2
870,P Chopra,Rajasthan Royals,8,6,1.0,1
871,P Dogra,Kings XI Punjab,15,25,0.0,2
872,P Dogra,Kolkata Knight Riders,5,8,0.0,1
873,P Dogra,Rajasthan Royals,107,108,0.0,5
874,P Dubey,Delhi Capitals,23,33,0.0,1
875,P Kumar,Gujarat Lions,32,36,0.0,5
876,P Kumar,Kings XI Punjab,109,106,1.0,10
877,P Kumar,Mumbai Indians,1,2,0.0,1
878,P Kumar,Royal Challengers Bangalore,181,154,1.0,16
879,P Kumar,Sunrisers Hyderabad,17,25,0.0,2
880,P Negi,Chennai Super Kings,116,77,1.0,6
881,P Negi,Delhi Daredevils,93,93,1.0,3
882,P Negi,Royal Challengers Bangalore,156,131,1.0,13
883,P Parameswaran,Kochi Tuskers Kerala,1,1,1.0,0
884,P Parameswaran,Royal Challengers Bangalore,0,2,0.0,0
885,P Ray Barman,Royal Challengers Bangalore,19,25,0.0,1
886,P Sahu,Kings XI Punjab,19,13,1.0,0
887,P Simran Singh,Kings XI Punjab,31,33,0.0,3
888,P Simran Singh,Punjab Kings,1017,674,1.0,39
889,PA Patel,Chennai Super Kings,516,529,0.0,23
890,PA Patel,Deccan Chargers,194,166,1.0,11
891,PA Patel,Kochi Tuskers Kerala,202,189,1.0,9
892,PA Patel,Mumbai Indians,911,724,1.0,38
893,PA Patel,Royal Challengers Bangalore,731,573,1.0,28
894,PA Patel,Sunrisers Hyderabad,294,261,1.0,12
895,PA Reddy,Deccan Chargers,73,63,1.0,3
896,PA Reddy,Sunrisers Hyderabad,91,104,0.0,7
897,Pankaj Singh,Rajasthan Royals,5,8,0.0,0
898,Pankaj Singh,Royal Challengers Bangalore,2,4,0.0,2
899,Parvez Rasool,Pune Warriors,5,9,0.0,1
900,Parvez Rasool,Royal Challengers Bangalore,10,9,1.0,1
901,Parvez Rasool,Sunrisers Hyderabad,2,2,1.0,0
902,PBB Rajapaksa,Punjab Kings,277,201,1.0,12
903,PC Valthaty,Kings XI Punjab,499,420,1.0,20
904,PC Valthaty,Rajasthan Royals,6,12,0.0,2
905,PD Collingwood,Delhi Daredevils,203,159,1.0,4
906,PD Salt,Delhi Capitals,218,135,1.0,8
907,PD Salt,Kolkata Knight Riders,435,250,1.0,11
908,PD Salt,Royal Challengers Bengaluru,239,148,1.0,9
909,PHKD Mendis,Sunrisers Hyderabad,60,50,1.0,2
910,PJ Cummins,Delhi Daredevils,77,54,1.0,5
911,PJ Cummins,Kolkata Knight Riders,302,206,1.0,15
912,PJ Cummins,Sunrisers Hyderabad,201,141,1.0,9
913,PJ Sangwan,Delhi Daredevils,18,30,0.0,3
914,PJ Sangwan,Gujarat Lions,2,4,0.0,2
915,PJ Sangwan,Gujarat Titans,2,6,0.0,1
916,PJ Sangwan,Kolkata Knight Riders,4,2,2.0,0
917,PJ Sangwan,Mumbai Indians,0,5,0.0,1
918,PK Garg,Delhi Capitals,22,23,0.0,2
919,PK Garg,Sunrisers Hyderabad,251,224,1.0,16
920,PM Sarvesh Kumar,Deccan Chargers,1,2,0.0,0
921,PN Mankad,Lucknow Super Giants,93,74,1.0,3
922,PN Mankad,Punjab Kings,4,1,4.0,0
923,PP Chawla,Kings XI Punjab,401,366,1.0,29
924,PP Chawla,Kolkata Knight Riders,183,175,1.0,17
925,PP Chawla,Mumbai Indians,40,39,1.0,7
926,PP Ojha,Deccan Chargers,6,19,0.0,7
927,PP Ojha,Mumbai Indians,10,26,0.0,2
928,PP Shaw,Delhi Capitals,1647,1156,1.0,68
929,PP Shaw,Delhi Daredevils,245,165,1.0,8
930,PR Shah,Mumbai Indians,87,92,0.0,7
931,PR Shah,Rajasthan Royals,5,5,1.0,1
932,Priyansh Arya,Punjab Kings,323,167,1.0,9
933,PSP Handscomb,Rising Pune Supergiants,6,12,0.0,1
934,PV Tambe,Gujarat Lions,7,19,0.0,0
935,PV Tambe,Rajasthan Royals,11,20,0.0,1
936,PVD Chameera,Lucknow Super Giants,43,32,1.0,3
937,PVSN Raju,Mumbai Indians,1,1,1.0,0
938,PWA Mulder,Sunrisers Hyderabad,9,12,0.0,1
939,PWH de Silva,Rajasthan Royals,9,12,0.0,3
940,PWH de Silva,Royal Challengers Bangalore,72,80,0.0,10
941,Q de Kock,Delhi Daredevils,720,550,1.0,21
942,Q de Kock,Kolkata Knight Riders,143,110,1.0,6
943,Q de Kock,Lucknow Super Giants,901,647,1.0,29
944,Q de Kock,Mumbai Indians,1332,1033,1.0,39
945,Q de Kock,Royal Challengers Bangalore,201,164,1.0,7
946,Q de Kock,Sunrisers Hyderabad,6,16,0.0,3
947,R Ashwin,Chennai Super Kings,202,223,0.0,20
948,R Ashwin,Delhi Capitals,81,77,1.0,6
949,R Ashwin,Kings XI Punjab,144,104,1.0,13
950,R Ashwin,Rajasthan Royals,344,271,1.0,18
951,R Ashwin,Rising Pune Supergiants,41,38,1.0,2
952,R Bhatia,Delhi Daredevils,66,63,1.0,10
953,R Bhatia,Kolkata Knight Riders,159,134,1.0,11
954,R Bhatia,Rajasthan Royals,67,56,1.0,6
955,R Bhatia,Rising Pune Supergiant,16,17,0.0,1
956,R Bhatia,Rising Pune Supergiants,34,20,1.0,1
957,R Bishnoi,Royal Challengers Bangalore,19,17,1.0,3
958,R Dhawan,Kings XI Punjab,132,114,1.0,4
959,R Dhawan,Mumbai Indians,21,21,1.0,3
960,R Dhawan,Punjab Kings,57,53,1.0,3
961,R Dravid,Rajasthan Royals,1276,1177,1.0,42
962,R Dravid,Royal Challengers Bangalore,898,741,1.0,33
963,R McLaren,Kings XI Punjab,90,101,0.0,3
964,R McLaren,Kolkata Knight Riders,3,6,0.0,2
965,R McLaren,Mumbai Indians,66,71,0.0,3
966,R Minz,Mumbai Indians,6,16,0.0,2
967,R Ninan,Royal Challengers Bangalore,3,6,0.0,1
968,R Parag,Rajasthan Royals,1411,1069,1.0,54
969,R Powell,Delhi Capitals,257,183,1.0,13
970,R Powell,Rajasthan Royals,103,71,1.0,6
971,R Rampaul,Royal Challengers Bangalore,51,52,0.0,5
972,R Ravindra,Chennai Super Kings,413,298,1.0,16
973,R Sai Kishore,Gujarat Titans,14,7,2.0,1
974,R Sanjay Yadav,Mumbai Indians,0,2,0.0,1
975,R Sathish,Kings XI Punjab,109,79,1.0,5
976,R Sathish,Kolkata Knight Riders,24,24,1.0,3
977,R Sathish,Mumbai Indians,137,133,1.0,8
978,R Sharma,Deccan Chargers,29,26,1.0,3
979,R Sharma,Pune Warriors,37,51,0.0,8
980,R Shepherd,Lucknow Super Giants,0,1,0.0,1
981,R Shepherd,Mumbai Indians,57,24,2.0,2
982,R Shepherd,Sunrisers Hyderabad,58,43,1.0,2
983,R Shukla,Delhi Daredevils,18,21,0.0,1
984,R Shukla,Rajasthan Royals,1,2,0.0,0
985,R Tewatia,Delhi Capitals,26,22,1.0,1
986,R Tewatia,Delhi Daredevils,50,47,1.0,3
987,R Tewatia,Gujarat Titans,533,379,1.0,20
988,R Tewatia,Kings XI Punjab,19,11,1.0,1
989,R Tewatia,Rajasthan Royals,426,352,1.0,17
990,R Vinay Kumar,Kochi Tuskers Kerala,50,48,1.0,5
991,R Vinay Kumar,Kolkata Knight Riders,10,11,0.0,2
992,R Vinay Kumar,Mumbai Indians,13,14,0.0,2
993,R Vinay Kumar,Royal Challengers Bangalore,237,216,1.0,16
994,RA Bawa,Punjab Kings,11,14,0.0,2
995,RA Jadeja,Chennai Super Kings,2063,1591,1.0,73
996,RA Jadeja,Gujarat Lions,349,307,1.0,12
997,RA Jadeja,Kochi Tuskers Kerala,283,234,1.0,9
998,RA Jadeja,Rajasthan Royals,430,384,1.0,18
999,RA Tripathi,Chennai Super Kings,55,57,0.0,5
1000,RA Tripathi,Kolkata Knight Riders,627,471,1.0,24
1001,RA Tripathi,Rajasthan Royals,367,295,1.0,15
1002,RA Tripathi,Rising Pune Supergiant,391,275,1.0,12
1003,RA Tripathi,Sunrisers Hyderabad,851,609,1.0,29
1004,Rahmanullah Gurbaz,Kolkata Knight Riders,291,236,1.0,14
1005,Ramandeep Singh,Kolkata Knight Riders,155,91,1.0,8
1006,Ramandeep Singh,Mumbai Indians,45,42,1.0,2
1007,Rashid Khan,Gujarat Titans,345,198,1.0,15
1008,Rashid Khan,Sunrisers Hyderabad,222,170,1.0,24
1009,Rasikh Salam,Delhi Capitals,28,30,0.0,4
1010,Rasikh Salam,Kolkata Knight Riders,7,6,1.0,1
1011,Rasikh Salam,Mumbai Indians,5,4,1.0,0
1012,Ravi Bishnoi,Kings XI Punjab,7,12,0.0,1
1013,Ravi Bishnoi,Lucknow Super Giants,24,37,0.0,6
1014,Ravi Bishnoi,Punjab Kings,1,5,0.0,1
1015,RD Chahar,Mumbai Indians,28,30,0.0,6
1016,RD Chahar,Punjab Kings,98,95,1.0,9
1017,RD Chahar,Rising Pune Supergiant,3,2,1.0,0
1018,RD Gaikwad,Chennai Super Kings,2502,1863,1.0,60
1019,RD Rickelton,Mumbai Indians,215,153,1.0,8
1020,RE Levi,Mumbai Indians,83,74,1.0,6
1021,RE van der Merwe,Delhi Daredevils,36,41,0.0,2
1022,RE van der Merwe,Royal Challengers Bangalore,123,103,1.0,9
1023,RG More,Chennai Super Kings,2,2,1.0,0
1024,RG Sharma,Deccan Chargers,1170,909,1.0,38
1025,RG Sharma,Mumbai Indians,5688,4430,1.0,190
1026,RJ Gleeson,Chennai Super Kings,2,2,1.0,0
1027,RJ Harris,Deccan Chargers,66,57,1.0,5
1028,RJ Harris,Kings XI Punjab,51,55,0.0,7
1029,RJ Peterson,Mumbai Indians,32,32,1.0,3
1030,RJ Quiney,Rajasthan Royals,103,105,0.0,7
1031,RJW Topley,Royal Challengers Bengaluru,3,6,0.0,0
1032,RK Bhui,Delhi Capitals,3,9,0.0,2
1033,RK Bhui,Sunrisers Hyderabad,7,18,0.0,2
1034,RK Singh,Kolkata Knight Riders,1026,748,1.0,33
1035,RM Patidar,Royal Challengers Bangalore,404,297,1.0,10
1036,RM Patidar,Royal Challengers Bengaluru,617,393,1.0,21
1037,RN ten Doeschate,Kolkata Knight Riders,326,238,1.0,14
1038,RP Meredith,Mumbai Indians,0,3,0.0,0
1039,RP Singh,Deccan Chargers,44,62,0.0,10
1040,RP Singh,Kochi Tuskers Kerala,2,4,0.0,2
1041,RP Singh,Mumbai Indians,6,12,0.0,2
1042,RR Bhatkal,Royal Challengers Bangalore,0,2,0.0,1
1043,RR Pant,Delhi Capitals,2049,1503,1.0,57
1044,RR Pant,Delhi Daredevils,1248,793,1.0,34
1045,RR Pant,Lucknow Super Giants,106,114,0.0,8
1046,RR Powar,Kings XI Punjab,56,51,1.0,1
1047,RR Powar,Kochi Tuskers Kerala,11,13,0.0,1
1048,RR Raje,Mumbai Indians,20,18,1.0,1
1049,RR Rossouw,Delhi Capitals,209,148,1.0,7
1050,RR Rossouw,Punjab Kings,211,122,1.0,8
1051,RR Rossouw,Royal Challengers Bangalore,53,51,1.0,5
1052,RR Sarwan,Kings XI Punjab,73,78,0.0,3
1053,RS Bopara,Kings XI Punjab,386,347,1.0,12
1054,RS Bopara,Sunrisers Hyderabad,145,121,1.0,5
1055,RS Gavaskar,Kolkata Knight Riders,2,8,0.0,1
1056,RS Sodhi,Kings XI Punjab,4,2,2.0,0
1057,RT Ponting,Kolkata Knight Riders,39,53,0.0,3
1058,RT Ponting,Mumbai Indians,52,76,0.0,5
1059,RV Gomez,Kochi Tuskers Kerala,46,52,0.0,5
1060,RV Gomez,Pune Warriors,4,1,4.0,0
1061,RV Patel,Delhi Capitals,80,76,1.0,4
1062,RV Uthappa,Chennai Super Kings,345,267,1.0,15
1063,RV Uthappa,Kolkata Knight Riders,2441,1841,1.0,78
1064,RV Uthappa,Mumbai Indians,320,291,1.0,9
1065,RV Uthappa,Pune Warriors,1103,957,1.0,39
1066,RV Uthappa,Rajasthan Royals,196,170,1.0,11
1067,RV Uthappa,Royal Challengers Bangalore,549,401,1.0,23
1068,S Anirudha,Chennai Super Kings,133,116,1.0,7
1069,S Anirudha,Sunrisers Hyderabad,3,5,0.0,1
1070,S Aravind,Royal Challengers Bangalore,59,59,1.0,3
1071,S Badree,Royal Challengers Bangalore,13,25,0.0,5
1072,S Badrinath,Chennai Super Kings,1441,1245,1.0,46
1073,S Chanderpaul,Royal Challengers Bangalore,25,33,0.0,3
1074,S Dhawan,Deccan Chargers,969,763,1.0,23
1075,S Dhawan,Delhi Capitals,1726,1304,1.0,44
1076,S Dhawan,Delhi Daredevils,340,308,1.0,9
1077,S Dhawan,Mumbai Indians,231,226,1.0,14
1078,S Dhawan,Punjab Kings,985,795,1.0,26
1079,S Dhawan,Sunrisers Hyderabad,2518,2087,1.0,71
1080,S Dube,Chennai Super Kings,1345,922,1.0,38
1081,S Dube,Rajasthan Royals,230,205,1.0,8
1082,S Dube,Royal Challengers Bangalore,169,142,1.0,10
1083,S Gopal,Mumbai Indians,14,27,0.0,1
1084,S Gopal,Rajasthan Royals,157,139,1.0,11
1085,S Gopal,Sunrisers Hyderabad,9,7,1.0,0
1086,S Kaul,Delhi Daredevils,9,11,0.0,0
1087,S Kaul,Sunrisers Hyderabad,11,25,0.0,3
1088,S Kaushik,Gujarat Lions,0,1,0.0,1
1089,S Ladda,Delhi Daredevils,0,10,0.0,1
1090,S Lamichhane,Delhi Capitals,0,1,0.0,1
1091,S Nadeem,Delhi Daredevils,32,79,0.0,12
1092,S Nadeem,Sunrisers Hyderabad,7,9,0.0,2
1093,S Narwal,Kolkata Knight Riders,23,16,1.0,1
1094,S Narwal,Rajasthan Royals,14,13,1.0,2
1095,S Rana,Pune Warriors,18,16,1.0,1
1096,S Rana,Royal Challengers Bangalore,73,66,1.0,3
1097,S Randiv,Chennai Super Kings,2,4,0.0,1
1098,S Sohal,Deccan Chargers,249,201,1.0,9
1099,S Sohal,Kings XI Punjab,119,110,1.0,9
1100,S Sreesanth,Kings XI Punjab,32,44,0.0,1
1101,S Sreesanth,Kochi Tuskers Kerala,1,9,0.0,1
1102,S Sreesanth,Rajasthan Royals,1,4,0.0,1
1103,S Sriram,Delhi Daredevils,4,7,0.0,1
1104,S Sriram,Royal Challengers Bangalore,27,31,0.0,1
1105,S Tyagi,Chennai Super Kings,3,4,0.0,0
1106,S Vidyut,Chennai Super Kings,145,115,1.0,8
1107,SA Abbott,Royal Challengers Bangalore,15,13,1.0,1
1108,SA Abbott,Sunrisers Hyderabad,7,5,1.0,1
1109,SA Asnodkar,Rajasthan Royals,423,352,1.0,18
1110,SA Yadav,Kolkata Knight Riders,608,475,1.0,27
1111,SA Yadav,Mumbai Indians,3359,2278,1.0,88
1112,Sachin Baby,Rajasthan Royals,3,7,0.0,1
1113,Sachin Baby,Royal Challengers Bangalore,141,116,1.0,8
1114,Salman Butt,Kolkata Knight Riders,193,172,1.0,7
1115,Sameer Rizvi,Chennai Super Kings,51,43,1.0,4
1116,Sameer Rizvi,Delhi Capitals,24,21,1.0,2
1117,Sandeep Sharma,Kings XI Punjab,26,36,0.0,1
1118,Sandeep Sharma,Rajasthan Royals,8,13,0.0,0
1119,Sandeep Sharma,Sunrisers Hyderabad,26,30,0.0,4
1120,Sanvir Singh,Sunrisers Hyderabad,25,22,1.0,2
1121,Saurav Chauhan,Royal Challengers Bengaluru,18,16,1.0,3
1122,SB Bangar,Deccan Chargers,47,49,0.0,5
1123,SB Bangar,Kolkata Knight Riders,2,9,0.0,1
1124,SB Dubey,Rajasthan Royals,92,57,1.0,5
1125,SB Jakati,Chennai Super Kings,27,28,0.0,1
1126,SB Jakati,Gujarat Lions,1,2,0.0,0
1127,SB Joshi,Royal Challengers Bangalore,6,16,0.0,2
1128,SB Styris,Chennai Super Kings,5,2,2.0,0
1129,SB Styris,Deccan Chargers,126,132,0.0,7
1130,SB Wagh,Pune Warriors,2,3,0.0,2
1131,SC Ganguly,Kolkata Knight Riders,1031,977,1.0,36
1132,SC Ganguly,Pune Warriors,318,349,0.0,16
1133,SD Chitnis,Kings XI Punjab,75,73,1.0,4
1134,SD Chitnis,Mumbai Indians,18,10,1.0,2
1135,SD Chitnis,Rajasthan Royals,6,9,0.0,1
1136,SD Hope,Delhi Capitals,183,125,1.0,7
1137,SD Lad,Mumbai Indians,15,13,1.0,1
1138,SE Bond,Kolkata Knight Riders,1,2,0.0,1
1139,SE Marsh,Kings XI Punjab,2489,1913,1.0,62
1140,SE Rutherford,Delhi Capitals,73,55,1.0,5
1141,SE Rutherford,Gujarat Titans,201,144,1.0,5
1142,SE Rutherford,Royal Challengers Bangalore,33,52,0.0,2
1143,SH Johnson,Gujarat Titans,6,7,0.0,0
1144,SH Johnson,Kolkata Knight Riders,2,4,0.0,0
1145,Shahbaz Ahmed,Lucknow Super Giants,9,8,1.0,1
1146,Shahbaz Ahmed,Royal Challengers Bangalore,321,294,1.0,18
1147,Shahbaz Ahmed,Sunrisers Hyderabad,215,173,1.0,9
1148,Shahid Afridi,Deccan Chargers,81,46,1.0,8
1149,Shakib Al Hasan,Kolkata Knight Riders,547,451,1.0,29
1150,Shakib Al Hasan,Sunrisers Hyderabad,248,214,1.0,10
1151,Shashank Singh,Punjab Kings,512,353,1.0,10
1152,Shashank Singh,Sunrisers Hyderabad,69,47,1.0,4
1153,Shivam Mavi,Kolkata Knight Riders,51,58,0.0,9
1154,Shivam Sharma,Kings XI Punjab,5,3,1.0,1
1155,Shivam Singh,Punjab Kings,2,3,0.0,0
1156,Shoaib Ahmed,Deccan Chargers,1,6,0.0,2
1157,Shoaib Akhtar,Kolkata Knight Riders,2,8,0.0,1
1158,Shoaib Malik,Delhi Daredevils,52,49,1.0,4
1159,Shubman Gill,Gujarat Titans,2104,1455,1.0,47
1160,Shubman Gill,Kolkata Knight Riders,1417,1181,1.0,43
1161,Sikandar Raza,Punjab Kings,182,143,1.0,7
1162,Simarjeet Singh,Chennai Super Kings,7,8,0.0,1
1163,Simarjeet Singh,Sunrisers Hyderabad,3,7,0.0,2
1164,SJ Srivastava,Kings XI Punjab,5,5,1.0,1
1165,SK Raina,Chennai Super Kings,4695,3546,1.0,138
1166,SK Raina,Gujarat Lions,841,631,1.0,24
1167,SK Rasheed,Chennai Super Kings,46,42,1.0,3
1168,SK Trivedi,Rajasthan Royals,42,61,0.0,7
1169,SK Warne,Rajasthan Royals,198,219,0.0,17
1170,SL Malinga,Mumbai Indians,88,103,0.0,11
1171,SM Curran,Chennai Super Kings,263,207,1.0,14
1172,SM Curran,Kings XI Punjab,95,55,1.0,4
1173,SM Curran,Punjab Kings,546,443,1.0,20
1174,SM Harwood,Rajasthan Royals,9,14,0.0,0
1175,SM Katich,Kings XI Punjab,241,191,1.0,9
1176,SM Pollock,Mumbai Indians,147,116,1.0,8
1177,SMSM Senanayake,Kolkata Knight Riders,10,17,0.0,1
1178,SN Khan,Delhi Capitals,144,131,1.0,7
1179,SN Khan,Kings XI Punjab,213,175,1.0,6
1180,SN Khan,Punjab Kings,0,4,0.0,2
1181,SN Khan,Royal Challengers Bangalore,228,146,1.0,11
1182,SN Thakur,Chennai Super Kings,67,57,1.0,4
1183,SN Thakur,Delhi Capitals,120,90,1.0,8
1184,SN Thakur,Kings XI Punjab,7,6,1.0,0
1185,SN Thakur,Kolkata Knight Riders,113,72,1.0,8
1186,SN Thakur,Lucknow Super Giants,14,13,1.0,2
1187,SN Thakur,Rising Pune Supergiant,0,3,0.0,3
1188,SO Hetmyer,Delhi Capitals,427,280,1.0,14
1189,SO Hetmyer,Rajasthan Royals,919,637,1.0,28
1190,SO Hetmyer,Royal Challengers Bangalore,90,76,1.0,5
1191,Sohail Tanvir,Rajasthan Royals,36,31,1.0,3
1192,SP Fleming,Chennai Super Kings,196,171,1.0,9
1193,SP Goswami,Kolkata Knight Riders,29,31,0.0,3
1194,SP Goswami,Rajasthan Royals,69,69,1.0,5
1195,SP Goswami,Royal Challengers Bangalore,143,160,0.0,6
1196,SP Goswami,Sunrisers Hyderabad,52,47,1.0,5
1197,SP Jackson,Kolkata Knight Riders,61,57,1.0,6
1198,SP Narine,Kolkata Knight Riders,1685,1080,1.0,91
1199,SPD Smith,Delhi Capitals,152,136,1.0,6
1200,SPD Smith,Pune Warriors,521,406,1.0,13
1201,SPD Smith,Rajasthan Royals,1080,873,1.0,34
1202,SPD Smith,Rising Pune Supergiant,472,400,1.0,12
1203,SPD Smith,Rising Pune Supergiants,270,184,1.0,5
1204,SR Tendulkar,Mumbai Indians,2334,2044,1.0,67
1205,SR Watson,Chennai Super Kings,1252,943,1.0,40
1206,SR Watson,Rajasthan Royals,2378,1734,1.0,65
1207,SR Watson,Royal Challengers Bangalore,250,215,1.0,19
1208,SS Cottrell,Kings XI Punjab,0,2,0.0,1
1209,SS Iyer,Delhi Capitals,1161,1013,1.0,36
1210,SS Iyer,Delhi Daredevils,1218,972,1.0,39
1211,SS Iyer,Kolkata Knight Riders,752,560,1.0,22
1212,SS Iyer,Punjab Kings,288,166,1.0,6
1213,SS Prabhudessai,Royal Challengers Bangalore,102,94,1.0,8
1214,SS Prabhudessai,Royal Challengers Bengaluru,24,19,1.0,1
1215,SS Shaikh,Kolkata Knight Riders,6,7,0.0,0
1216,SS Tiwary,Delhi Daredevils,109,83,1.0,0
1217,SS Tiwary,Mumbai Indians,728,577,1.0,23
1218,SS Tiwary,Rising Pune Supergiants,170,149,1.0,6
1219,SS Tiwary,Royal Challengers Bangalore,487,482,1.0,20
1220,ST Jayasuriya,Mumbai Indians,768,573,1.0,28
1221,STR Binny,Mumbai Indians,8,5,1.0,1
1222,STR Binny,Rajasthan Royals,731,577,1.0,33
1223,STR Binny,Royal Challengers Bangalore,141,118,1.0,9
1224,Sumit Kumar,Delhi Capitals,18,26,0.0,2
1225,Sunny Gupta,Delhi Daredevils,0,1,0.0,1
1226,Sunny Singh,Kings XI Punjab,43,31,1.0,4
1227,Suryansh Shedge,Punjab Kings,6,8,0.0,2
1228,SV Samson,Delhi Daredevils,677,540,1.0,23
1229,SV Samson,Rajasthan Royals,3966,2888,1.0,123
1230,SW Billings,Chennai Super Kings,108,83,1.0,9
1231,SW Billings,Delhi Daredevils,226,173,1.0,10
1232,SW Billings,Kolkata Knight Riders,169,143,1.0,7
1233,SW Tait,Rajasthan Royals,23,26,0.0,3
1234,Swapnil Singh,Kings XI Punjab,12,20,0.0,3
1235,Swapnil Singh,Lucknow Super Giants,2,4,0.0,0
1236,Swapnil Singh,Royal Challengers Bengaluru,37,22,1.0,2
1237,SZ Mulani,Mumbai Indians,1,1,1.0,0
1238,T Banton,Kolkata Knight Riders,18,22,0.0,2
1239,T Henderson,Rajasthan Royals,11,16,0.0,1
1240,T Kohler-Cadmore,Rajasthan Royals,48,54,0.0,3
1241,T Kohli,Kings XI Punjab,1,4,0.0,1
1242,T Kohli,Rajasthan Royals,10,16,0.0,2
1243,T Natarajan,Sunrisers Hyderabad,3,5,0.0,0
1244,T Shamsi,Rajasthan Royals,2,4,0.0,0
1245,T Stubbs,Delhi Capitals,567,321,1.0,9
1246,T Stubbs,Mumbai Indians,27,35,0.0,3
1247,T Taibu,Kolkata Knight Riders,31,26,1.0,3
1248,T Thushara,Chennai Super Kings,12,19,0.0,2
1249,TA Boult,Delhi Capitals,7,4,1.0,1
1250,TA Boult,Delhi Daredevils,0,2,0.0,1
1251,TA Boult,Kolkata Knight Riders,5,8,0.0,0
1252,TA Boult,Mumbai Indians,3,9,0.0,2
1253,TA Boult,Rajasthan Royals,70,63,1.0,4
1254,Tanush Kotian,Rajasthan Royals,24,32,0.0,1
1255,TD Paine,Pune Warriors,10,29,0.0,2
1256,TG Southee,Kolkata Knight Riders,5,17,0.0,5
1257,TG Southee,Mumbai Indians,37,23,1.0,3
1258,TG Southee,Rajasthan Royals,17,13,1.0,1
1259,TG Southee,Royal Challengers Bangalore,61,55,1.0,2
1260,TH David,Mumbai Indians,658,414,1.0,21
1261,TH David,Royal Challengers Bangalore,1,3,0.0,1
1262,TH David,Royal Challengers Bengaluru,165,94,1.0,2
1263,Tilak Varma,Mumbai Indians,1389,1003,1.0,32
1264,TK Curran,Delhi Capitals,21,17,1.0,1
1265,TK Curran,Kolkata Knight Riders,23,28,0.0,3
1266,TK Curran,Rajasthan Royals,83,63,1.0,1
1267,TL Seifert,Delhi Capitals,24,21,1.0,2
1268,TL Seifert,Kolkata Knight Riders,2,5,0.0,1
1269,TL Suman,Deccan Chargers,544,457,1.0,17
1270,TL Suman,Mumbai Indians,80,72,1.0,8
1271,TL Suman,Pune Warriors,52,58,0.0,5
1272,TM Dilshan,Delhi Daredevils,566,491,1.0,20
1273,TM Dilshan,Royal Challengers Bangalore,587,556,1.0,20
1274,TM Head,Royal Challengers Bangalore,205,151,1.0,6
1275,TM Head,Sunrisers Hyderabad,828,484,1.0,23
1276,TM Srivastava,Kings XI Punjab,8,11,0.0,1
1277,TR Birt,Delhi Daredevils,75,59,1.0,5
1278,TS Mills,Mumbai Indians,0,3,0.0,1
1279,TS Mills,Royal Challengers Bangalore,8,11,0.0,3
1280,TU Deshpande,Chennai Super Kings,0,3,0.0,0
1281,TU Deshpande,Delhi Capitals,21,12,1.0,1
1282,TU Deshpande,Rajasthan Royals,7,9,0.0,1
1283,U Kaul,Kings XI Punjab,0,1,0.0,0
1284,UA Birla,Pune Warriors,7,15,0.0,1
1285,UBT Chand,Delhi Daredevils,196,210,0.0,13
1286,UBT Chand,Mumbai Indians,102,94,1.0,6
1287,UBT Chand,Rajasthan Royals,2,10,0.0,1
1288,Umar Gul,Kolkata Knight Riders,39,19,2.0,3
1289,Umran Malik,Sunrisers Hyderabad,23,16,1.0,1
1290,UT Khawaja,Rising Pune Supergiants,127,105,1.0,5
1291,UT Yadav,Delhi Daredevils,44,56,0.0,4
1292,UT Yadav,Gujarat Titans,12,15,0.0,1
1293,UT Yadav,Kolkata Knight Riders,124,100,1.0,9
1294,UT Yadav,Royal Challengers Bangalore,28,40,0.0,6
1295,V Kohli,Royal Challengers Bangalore,7273,5739,1.0,193
1296,V Kohli,Royal Challengers Bengaluru,1133,776,1.0,18
1297,V Nigam,Delhi Capitals,54,29,1.0,3
1298,V Pratap Singh,Deccan Chargers,0,1,0.0,1
1299,V Sehwag,Delhi Daredevils,2174,1410,1.0,71
1300,V Sehwag,Kings XI Punjab,554,423,1.0,24
1301,V Shankar,Chennai Super Kings,118,95,1.0,3
1302,V Shankar,Delhi Daredevils,212,156,1.0,4
1303,V Shankar,Gujarat Titans,403,310,1.0,17
1304,V Shankar,Sunrisers Hyderabad,500,424,1.0,22
1305,V Suryavanshi,Rajasthan Royals,50,33,1.0,2
1306,V Viyaskanth,Sunrisers Hyderabad,7,5,1.0,0
1307,VG Arora,Kolkata Knight Riders,4,10,0.0,1
1308,VG Arora,Punjab Kings,5,14,0.0,2
1309,VH Zol,Royal Challengers Bangalore,29,26,1.0,2
1310,Vijaykumar Vyshak,Royal Challengers Bangalore,13,10,1.0,1
1311,Vijaykumar Vyshak,Royal Challengers Bengaluru,1,3,0.0,1
1312,Virat Singh,Sunrisers Hyderabad,15,26,0.0,2
1313,Vishnu Vinod,Mumbai Indians,37,32,1.0,3
1314,Vishnu Vinod,Royal Challengers Bangalore,19,26,0.0,3
1315,Vivrant Sharma,Sunrisers Hyderabad,69,49,1.0,1
1316,VR Aaron,Delhi Daredevils,1,8,0.0,1
1317,VR Aaron,Kings XI Punjab,4,11,0.0,1
1318,VR Aaron,Rajasthan Royals,4,17,0.0,1
1319,VR Aaron,Royal Challengers Bangalore,41,37,1.0,1
1320,VR Iyer,Kolkata Knight Riders,1461,1102,1.0,48
1321,VRV Singh,Kings XI Punjab,4,3,1.0,1
1322,VS Malik,Kings XI Punjab,6,5,1.0,1
1323,VS Malik,Rajasthan Royals,1,2,0.0,0
1324,VS Yeligati,Mumbai Indians,2,2,1.0,1
1325,VVS Laxman,Deccan Chargers,238,229,1.0,14
1326,VVS Laxman,Kochi Tuskers Kerala,44,42,1.0,2
1327,VY Mahesh,Delhi Daredevils,15,28,0.0,2
1328,W Jaffer,Royal Challengers Bangalore,130,129,1.0,7
1329,WA Mota,Kings XI Punjab,56,76,0.0,5
1330,Washington Sundar,Gujarat Titans,51,33,1.0,2
1331,Washington Sundar,Rising Pune Supergiant,9,12,0.0,0
1332,Washington Sundar,Royal Challengers Bangalore,208,190,1.0,15
1333,Washington Sundar,Sunrisers Hyderabad,161,139,1.0,11
1334,WD Parnell,Delhi Daredevils,2,2,1.0,1
1335,WD Parnell,Pune Warriors,61,78,0.0,8
1336,WD Parnell,Royal Challengers Bangalore,2,6,0.0,1
1337,WG Jacks,Mumbai Indians,113,96,1.0,6
1338,WG Jacks,Royal Challengers Bengaluru,230,133,1.0,6
1339,WP Saha,Chennai Super Kings,144,138,1.0,5
1340,WP Saha,Gujarat Titans,824,683,1.0,34
1341,WP Saha,Kings XI Punjab,1115,868,1.0,44
1342,WP Saha,Kolkata Knight Riders,298,213,1.0,11
1343,WP Saha,Sunrisers Hyderabad,553,466,1.0,24
1344,WPUJC Vaas,Deccan Chargers,81,73,1.0,7
1345,X Thalaivan Sargunam,Sunrisers Hyderabad,10,17,0.0,1
1346,XC Bartlett,Punjab Kings,11,15,0.0,1
1347,Y Gnaneswara Rao,Kochi Tuskers Kerala,19,18,1.0,1
1348,Y Nagar,Delhi Daredevils,285,271,1.0,14
1349,Y Prithvi Raj,Kolkata Knight Riders,0,1,0.0,0
1350,Y Venugopal Rao,Deccan Chargers,446,379,1.0,22
1351,Y Venugopal Rao,Delhi Daredevils,468,421,1.0,17
1352,Y Venugopal Rao,Sunrisers Hyderabad,71,65,1.0,3
1353,YA Abdulla,Kings XI Punjab,0,1,0.0,0
1354,Yash Dayal,Gujarat Titans,0,1,0.0,1
1355,Yash Dayal,Royal Challengers Bengaluru,0,1,0.0,1
1356,Yashpal Singh,Kolkata Knight Riders,47,67,0.0,4
1357,YBK Jaiswal,Rajasthan Royals,1963,1343,1.0,58
1358,YK Pathan,Kolkata Knight Riders,1893,1421,1.0,59
1359,YK Pathan,Rajasthan Royals,1029,655,1.0,34
1360,YK Pathan,Sunrisers Hyderabad,300,258,1.0,12
1361,Younis Khan,Rajasthan Royals,3,7,0.0,1
1362,YS Chahal,Rajasthan Royals,5,8,0.0,1
1363,YS Chahal,Royal Challengers Bangalore,32,81,0.0,5
1364,Yudhvir Singh,Lucknow Super Giants,22,16,1.0,4
1365,Yuvraj Singh,Delhi Daredevils,248,215,1.0,13
1366,Yuvraj Singh,Kings XI Punjab,963,788,1.0,41
1367,Yuvraj Singh,Mumbai Indians,98,83,1.0,4
1368,Yuvraj Singh,Pune Warriors,581,462,1.0,21
1369,Yuvraj Singh,Royal Challengers Bangalore,376,288,1.0,10
1370,Yuvraj Singh,Sunrisers Hyderabad,488,371,1.0,18
1371,YV Dhull,Delhi Capitals,16,23,0.0,3
1372,YV Takawale,Mumbai Indians,88,91,0.0,3
1373,YV Takawale,Royal Challengers Bangalore,104,92,1.0,5
1374,Z Khan,Delhi Daredevils,10,26,0.0,3
1375,Z Khan,Mumbai Indians,40,31,1.0,3
1376,Z Khan,Royal Challengers Bangalore,67,84,0.0,8
